<?xml version='1.0' encoding='UTF-8' ?>
<timeLogEntries>
  <time id="1" start="@1615748411000" delta="72" comment="Inicio del diagrama de clases y metodo de la ingenieria" flag="M" />
  <time id="2" path="/National-BookStore/PSP0/Planning" start="@1616110158000" delta="103" comment="Cambios en el metodo de Ingenieria" flag="A" />
  <time id="3" path="/National-BookStore/PSP0/Planning" start="@1616270163000" delta="140" comment="Mejora en el metodo de la ingeniera" flag="A" />
  <time id="4" path="/National-BookStore/PSP0/Code" start="@1615829744000" delta="38" comment="Inicio de la controladora y la GUI" flag="A" />
  <time id="5" path="/National-BookStore/PSP0/Code" start="@1615897039000" delta="78" comment="Codificacion de la estrcutura de dato Queue" flag="A" />
  <time id="6" path="/National-BookStore/PSP0/Code" start="@1616093370000" delta="46" comment="Creacion de la interfaz de Queue" flag="A" />
  <time id="7" path="/National-BookStore/PSP0/Code" start="@1616278483000" delta="236" comment="Se creo el metodo de los tiempos de la cola de los clientes y su salida" flag="A" />
  <time id="8" flag="D" />
  <time id="9" path="/National-BookStore/PSP0/Compile" start="@1616363196000" delta="80" comment="Se copila el las clases de prueba y se copila todo el proyecto" flag="A" />
  <time id="10" flag="D" />
  <time id="11" path="/National-BookStore/PSP0/Test" start="@1616315390000" delta="132" comment="Se crean las clases de pruebas para el modelo" flag="A" />
  <time id="12" path="/National-BookStore/PSP0/Design" start="@1616009325000" delta="116" comment="Se diseña el diagrama de clases de las pruebas unitarias" flag="A" />
  <time id="13" path="/National-BookStore/PSP0/Design" start="@1616025255000" delta="62" comment="Se diseña del diagrama de clases generico y desacoplado" flag="A" />
  <time id="14" path="/National-BookStore/PSP0/Postmortem" start="@1616422238000" delta="10" comment="Se prueba por ultima vez el programa" flag="A" />
  <time id="15" path="/National-BookStore/PSP0/Test" start="@1616368338000" delta="14" comment="Se copilan las clases de prueba" flag="A" />
</timeLogEntries>
