<?xml version='1.0' encoding='UTF-8' ?>
<timeLogEntries>
  <time id="2" path="/National library/PSP0/Planning" start="@1615462919000" delta="99" comment="engeiner method" flag="A" />
  <time id="3" flag="D" />
  <time id="4" flag="D" />
  <time id="5" path="/National library/PSP0/Planning" start="@1615493524000" delta="26" comment="requeriments" flag="A" />
  <time id="1" start="@1615743718000" delta="43" comment="design interface" flag="M" />
  <time id="6" path="/National library/PSP0/Code" start="@1615558463000" delta="15" comment="added classes" flag="A" />
  <time id="7" path="/National library/PSP0/Code" start="@1615856063000" delta="75" comment="implements hash table" flag="A" />
  <time id="8" path="/National library/PSP0/Code" start="@1615865735000" delta="45" comment="fixing" flag="A" />
  <time id="9" path="/National library/PSP0/Code" start="@1616073863000" delta="90" comment="merge sort" flag="A" />
  <time id="10" path="/National library/PSP0/Code" start="@1616169256000" delta="36" comment="merge sort" flag="A" />
  <time id="11" path="/National library/PSP0/Code" start="@1616514896000" delta="5" comment="valueComparator" flag="A" />
  <time id="12" path="/National library/PSP0/Planning" start="@1616255753000" delta="81" comment="class diagram and TADs" flag="A" />
  <time id="13" path="/National library/PSP0/Planning" start="@1616342183000" delta="36" comment="test deging" flag="A" />
  <time id="14" path="/National library/PSP0/Planning" start="@1616428608000" delta="94" comment="test deging" flag="A" />
</timeLogEntries>
