<?xml version='1.0' encoding='UTF-8' ?>
<timeLogEntries>
  <time path="/new&#10;/national-Bookstore" flag="R" />
  <time id="3" path="/national-Bookstore/PSP0/Planning" start="@1615571282000" delta="480" interrupt="780" comment="Ingeneer Method" flag="A" />
  <time id="4" path="/national-Bookstore/PSP0/Design" start="@1615657747000" delta="120" comment="Class Diagram" flag="A" />
  <time id="5" path="/national-Bookstore/PSP0/Code" start="@1615747770000" delta="30" comment="Stack Implementation" flag="A" />
  <time id="6" path="/national-Bookstore/PSP0/Code" start="@1615830630000" delta="30" comment="add LinkedList" flag="A" />
  <time id="7" path="/national-Bookstore/PSP0/Code" start="@1616032301000" delta="240" flag="A" />
  <time id="8" path="/national-Bookstore/PSP0/Design" start="@1615830741000" delta="60" comment="Interfaces" flag="A" />
  <time id="9" path="/national-Bookstore/PSP0/Code" start="@1616115152000" delta="60" comment="exception" flag="A" />
  <time id="10" path="/national-Bookstore/PSP0/Code" start="@1616125975000" delta="100" comment="Bubble Sort" flag="A" />
  <time id="11" path="/national-Bookstore/PSP0/Compile" start="@1616266422000" delta="60" comment="Compile to fix UI" flag="A" />
  <time id="12" path="/national-Bookstore/PSP0/Compile" start="@1616280823000" delta="120" comment="ui Works well" flag="A" />
  <time id="13" path="/national-Bookstore/PSP0/Code" start="@1616090034000" delta="60" comment="Principal Table" flag="A" />
  <time id="14" path="/national-Bookstore/PSP0/Code" start="@1616187266000" delta="360" comment="Update Stack" flag="A" />
  <time id="15" path="/national-Bookstore/PSP0/Planning" start="@1615776923000" delta="60" comment="Functional Requeriments" flag="A" />
  <time id="16" path="/national-Bookstore/PSP0/Planning" start="@1615744557000" delta="120" comment="Creative Ideas" flag="A" />
  <time id="17" path="/national-Bookstore/PSP0/Test" start="@1616353064000" delta="30" comment="Test Cases Comprobation" flag="A" />
  <time id="18" path="/national-Bookstore/PSP0/Test" start="@1616356757000" delta="10" comment="Run the program" flag="A" />
  <time id="19" path="/national-Bookstore/PSP0/Code" start="@1616004080000" delta="120" comment="change Generics" flag="A" />
  <time id="20" path="/national-Bookstore/PSP0/Code" start="@1616086933000" delta="300" comment="Creation of the ui" flag="A" />
</timeLogEntries>
